{
  "pf_total": 492,
  "pf_candidates": 492,
  "pf_outer": 5,
  "cip_total": 1465,
  "cip_outer": 1,
  "pf_max_area": 11700.015625,
  "main_bounds": {
    "min_x": -15771698.360575411,
    "max_x": -15771326.21193539,
    "min_y": 3450816.178460403,
    "max_y": 3451188.327100417,
    "width": 372.1486400216818,
    "height": 372.1486400142312,
    "diag": 526.2976539320969
  },
  "cip_distance_threshold": 7.894464808981453
}